{
  "authenticationMethod": "none",
  "routes": [
    {
      "path": "/openweathermap",
      "target": {
        "type": "destination",
        "name": "openweather"
      },
      "description": "OpenWeather System"
    },
    {
      "path": "/sapui5",
      "target": {
        "type": "service",
        "name": "sapui5",
        "entryPath": "/resources"
      },
      "description": "SAPUI5"
    }
  ],
  "cacheControl": [
    {
      "directive": "private",
      "maxAge": 0,
      "path": "*html"
    },
    {
      "directive": "private",
      "maxAge": 0,
      "path": "sap-ui-cachebuster-info.json"
    },
    {
      "directive": "public",
      "maxAge": 31536000
    }
  ]
}